Title,Description,Stock,size,color,price
Massimo Dutti,Sneakers laag,5,38,Black,99.95
Massimo Dutti,Sneakers laag,4,39,Black,99.95
Massimo Dutti,Sneakers laag,10,40,Black,99.95
Massimo Dutti,Sneakers laag,7,41,Black,99.95
Massimo Dutti,Sneakers laag,5,42,Black,99.95
Vans,ANAHEIM OLD SKOOL 36 DX UNISEX,2,40,Blue,79.95
Vans,ANAHEIM OLD SKOOL 36 DX UNISEX,3,41,Blue,79.95
Vans,ANAHEIM OLD SKOOL 36 DX UNISEX,0,42,Blue,79.95
Vans,ANAHEIM OLD SKOOL 36 DX UNISEX,6,43,Blue,79.95
Vans,ANAHEIM OLD SKOOL 36 DX UNISEX,8,44,Blue,79.95
Vans,ANAHEIM OLD SKOOL 36 DX UNISEX,0,41,Olive,79.95
Vans,ANAHEIM OLD SKOOL 36 DX UNISEX,0,42,Olive,79.95
Vans,ANAHEIM OLD SKOOL 36 DX UNISEX,0,43,Olive,79.95
Vans,ANAHEIM OLD SKOOL 36 DX UNISEX,5,44,Olive,79.95
Vans,ANAHEIM OLD SKOOL 36 DX UNISEX,6,45,Olive,79.95
Vans,ANAHEIM OLD SKOOL 36 DX UNISEX,12,46,Olive,79.95
Etnies,MARANA - Skateschoenen,9,45,Green,85
Etnies,MARANA - Skateschoenen,5,46,Green,85
Etnies,MARANA - Skateschoenen,4,47,Green,85
Etnies,MARANA - Skateschoenen,2,48,Green,85
Etnies,MARANA - Skateschoenen,0,49,Green,85
Etnies,MARANA - Skateschoenen,0,50,Green,85